Seq_ID,Chain_Type,Seq_cap
sample_001,H,QVQLVESGGGLVQPGGSLRLSCAASGFTFSSYAMSWVRQAPGKGLEWVAVISYDGSNKYYADSVKGRFTISADTSKNTAYLQMNSLRAEDTAVYYCAR
sample_002,L,EIVLTQSPGTLSLSPGERATLSCRASQSVSSSYLAWYQQKPGQAPRLLIYDASTRATGIPDRFSGSGSGTDFTLTISSLQPEDFATYYCQQYNSYPFTFGGGTKVEIK
sample_003,H,EVQLVESGGGLVQPGGSLRLSCAASGFTFSSYAMSWVRQAPGKGLEWVSAISGSGGSTYYADSVKGRFTISRDNSKNTLYLQMNSLRAEDTAVYYCAR
sample_004,L,DIQMTQSPSSLSASVGDRVTITCRASQGIRNYLAWYQQKPGKAPKLLIYAASTLQSGVPSRFSGSGSGTDFTLTISSLQPEDFATYYCQRYNRAPYTFGQGTKVEIK
sample_005,H,AQVQLVQSGAEVKKPGSSVKVSCKASGGTFSSYAISWVRQAPGQGLEWMGGIIPIFGTANYAQKFQGRVTITADESTSTAYMELRSLRSDDTAVYYCARDNLGYCSGGSCYSDYYYYYMDVWGQGTLVTV
sample_006,L,SSYELTQPPSVSVAPGRTATITCEGDNIGQQIVHWYQQKPGQAPVAVISSDSDRPSGIPERFSGSNSGNTATLTISRVEAGDEADYYCQVWDSGSDHVVFGGGTKVTVLENLYFQ
sample_007,H,QVQLQESGPGLVKPSETLSLTCAVSGYSISSGYYWGWIRQPPGKGLYIGYFSGTTSTYYNPSLKSRVTISKDTSKNQFSLKLNSVTAADTAVYRQPPRFDVWGPGVLVTVSTASTKGPSVFPLAPSSRST
sample_008,L,DIQMTQSPSSLSASVGDTVTITCRASQGISNFLNWYQQKPGKAPKLLIYDASRLESGVPSRFSGSGSGTEFTLTISSLQPEDFATYHCLQYDSDPFIFGPGTKVDIKRTVAAPSVFIFPPSDEQLKSGTA
sample_009,H,QVQLVESGGGLVQPGGSLRLSCAASGFTFSSYAMSWVRQAPGKGLEWVSAISGSGGSTYYADSVKGRFTISRDNSKNTLYLQMNSLRAEDTAVYYCAKDHLITMVQPEYFHHWGQGTLVTVSSASTKGPS
sample_010,L,DIQMTQSPSSVSASVGDSVTITCRASQGISRWLAWYQQRPGKAPKLLIYAAGNLETGVPSRFSGSGSGTDFTLTISDLQAEDFATYYCQQADSFPLTFGGGTKVDIKRTVAAPSVFIFPPSDEQLKSGTA
sample_011,H,QVQLQESGPGLVKPSETLSLTCAVSGYSISSGYYWGWIRQPPGKGLYIGYFSGTTSTYYNPSLKSRVTISKDTSKNQFSLKLNSVTAADTAVYRQPPRFDVWGPGVLVTVSTASTKGPSVFPLAPSSRSTSESTAALGCLVKDYFPEPVTVSWNSGSLTSGVHTFPAVLQSSGLYSLSSVVTVPSSSLGTQTYVCNVNHKPSNTKVDKRVEIKTC
sample_012,L,DIQMTQSPSSLSASVGDTVTITCRASQGISNFLNWYQQKPGKAPKLLIYDASRLESGVPSRFSGSGSGTEFTLTISSLQPEDFATYHCLQYDSDPFIFGPGTKVDIKRTVAAPSVFIFPPSDEQLKSGTASVVCLLNNFYPREAKVQWKVDNALQSGNSQESVTEQDSKDSTYSLSSTLTLSKADYEKHKVYACEVTHQGLSSPVTKSFNRGEC